num_switches,throughput
15,3.4136873261879845
18,3.3900019265444916
