num_switches,throughput
12,3.086849055085926
15,2.9784913797327213
18,2.720406605574582
21,2.8002702154270023
24,3.1238996443543137
27,2.2399560708306265
30,None
