num_switches,avg_value
12,0.8030988454818726
15,0.7212468385696411
18,1.0184032440185546
21,1.2467500686645507
24,1.340184736251831
27,1.7948113679885864
30,1.69246666431427
