num_switches,avg_value
21,2.4052881479263304
24,3.0032499551773073
