num_switches,avg_value
12,0.31859858361830623
15,0.22322486150524423
18,0.2112169439341046
21,0.3132997502836015
24,0.4264669359195626
27,0.6534775935923243
30,0.6672747168726227
