num_switches,throughput
12,2.3720128497079296
15,2.243342624626228
18,2.2941705546192863
21,2.062685788918379
24,2.0022954082763462
27,37.65098543524678
