num_switches,avg_value
12,0.809040101390862
15,1.199650932826213
18,1.055867064233451
21,1.8087898607879993
24,2.6557865288570848
27,1.05822721288176
