num_switches,avg_value
12,0.01808350086212158
15,0.0348968505859375
18,0.011699247360229491
21,0.013226652145385742
24,0.01207282543182373
27,0.010848021507263184
30,0.011181163787841796
