num_switches,throughput
12,2.909276480220943
15,2.9771663360291907
18,2.7704842247483894
21,2.6057918990482665
24,2.749825127060929
27,2.6946256974924756
30,2.664344395309313
