num_switches,avg_value
12,0.1664143978482523
15,0.14750128750775976
18,0.15619123015305988
21,0.179559530832932
24,1.9114333568559798
27,1.5489742550793197
30,2.563098558760065
