num_switches,throughput
12,51.37749141878515
15,55.28272569241532
18,56.518497921266615
21,52.455086420980166
24,7.753328854866188
27,60.668692996090634
30,47.838474539309175
