num_switches,throughput
12,2.6920790331308644
15,2.393810047683038
18,2.3209438327103307
21,2.1269267264632794
24,2.2596608021553704
