num_switches,throughput
12,2.442652242514314
15,9.20378443677445
18,6.369619582836704
21,5.133950934649719
24,4.359530959235666
