num_switches,throughput
12,51.48242151592509
15,65.2680716936008
18,55.01136096960172
21,48.70058964731505
24,55.15894818409894
27,24.083353924678406
