num_switches,min_value,avg_value,max_value,mdev_value
6,0.03373575210571289,2.025874062157496,10.817527294158936,1.411321659627781
9,0.009413957595825195,2.072397210047795,7.0867698192596436,1.2656765631500797
