num_switches,throughput
6,3.8440430724468673
9,4.4087039907081
