num_switches,min_time,avg_time,max_time,mdev,avg_time_excl_max
6,0.164,2.28,0.7791666666666665,0.7794255184999327,0.6124074074074072
9,0.171,3.162,0.534,0.88,0.242
