num_switches,throughput
6,558.5234054940178
9,403.0196089257605
