num_switches,avg_value
12,0.8178454399108886
15,0.9561363697052002
18,1.155328345298767
21,1.3546883583068847
24,1.7510215044021606
27,1.999970269203186
30,2.029988670349121
