num_switches,avg_value
12,1.5384975910186767
15,2.156690812110901
18,1.4803571701049805
21,2.6331246137619018
24,1.8488682746887206
