num_switches,avg_value
12,0.3849190238022035
15,0.32828646972897135
18,0.4576370314298649
21,0.5682008776321832
24,0.810499232988388
27,1.657598798543369
30,1.2184679357925134
