num_switches,throughput
12,36.87958957780117
15,5.297495498044014
18,50.40967977939752
21,52.7697076269466
24,51.583630716657716
27,48.83201894091691
