num_switches,avg_value
12,0.9760182656485216
15,1.2676934569648624
18,1.5630822725453124
21,2.0336539779088105
24,3.4830933880527533
27,0.8688370538717609
