num_switches,throughput
12,2.673938664144679
15,2.62338837185358
18,2.4290019963744442
21,2.6656357956203447
24,2.441600464876171
27,2.3856281846902267
30,2.3835331533197643
