num_switches,throughput
12,2.3336235352477632
15,2.352331636827694
18,2.2240456766715186
21,1.863199225982405
24,1.991731131756128
27,38.51120108447685
