num_switches,avg_value
12,0.20952699917744666
15,1.030208577997653
18,0.43012689169391966
21,0.7121661742067663
24,1.0983563170856296
27,5.134742830797114
