num_switches,avg_value
12,0.012711191177368164
15,0.01130819320678711
18,0.03271687030792236
21,0.010348200798034668
24,0.010889649391174316
27,0.009986042976379395
30,0.010145878791809082
