num_switches,throughput
15,3.3621061534313457
18,3.1286395401249045
