num_switches,throughput
12,3.001636060004479
15,2.862809723033105
18,2.950324469223557
21,2.9221921068035814
24,3.0386369286658703
