num_switches,throughput
12,2.9516525014836534
15,3.187896570731951
18,4.23029845446017
21,3.4340788292173214
24,3.165915037414838
27,2.3841139106060347
