num_switches,throughput
12,27.818363977141306
15,32.94183384019071
18,27.916557110378005
21,22.663968576686916
24,11.545496581834044
27,None
30,None
