num_switches,throughput
12,3.1223171752362457
15,2.8744753074272
18,3.425550504328698
21,2.937549108564873
24,3.261558334088881
27,2.4893722759876957
30,None
