num_switches,throughput
12,1.7396167282736354
15,15.394611247807912
18,None
