num_switches,throughput
12,12.404193599042639
15,2.288586507976954
18,2.071296330098992
21,4.874939227770805
24,19.665156643161428
27,2.604297183805869
30,2.2394340009501557
