num_switches,throughput
12,50.71535840974018
15,49.74606891300528
18,53.75768947687856
21,54.27732181730465
24,22.91069252562646
27,None
