num_switches,throughput
12,2.750234321784759
15,2.9025471683303
18,2.8230144982048913
21,2.5876525175798353
24,2.737634531697111
27,2.7557755539781668
30,None
