num_switches,min_time,avg_time,max_time,mdev,avg_time_excl_max
15,0.102,0.144,0.1325,0.014442414387259956,0.13122222222222224
18,0.076,0.153,0.108,0.021,0.10300000000000001
