num_switches,min_value,avg_value,max_value,mdev_value
6,0.0010647773742675781,2.619927453143256,10.452659368515015,1.6248991597367797
9,0.08705687522888184,2.2574398335211914,11.996541976928711,1.5817487225954978
