num_switches,throughput
6,3.6854071460277043
9,4.536134340876107
