num_switches,throughput
6,544.4543492607853
9,527.5776480392235
