num_switches,min_value,avg_value,max_value,mdev_value
8,-1.1920928955078125e-06,0.0033167160784280817,0.2902507781982422,0.003598880461742307
