num_switches,throughput
12,2.528733233355969
15,2.4320125012262683
18,2.401662861884219
21,2.461304203978982
24,2.404811282002047
27,2.2552826597957614
30,2.3934521031371445
