num_switches,throughput
12,91.14735901661584
15,82.1654956400986
18,120.50121017129422
21,None
24,None
27,None
30,None
