num_switches,throughput
12,55.06325707798204
15,3.120136105497519
18,3.0268838856149287
21,3.29891171695036
24,3.060102692321775
27,2.0184094898997103
