num_switches,throughput
12,2.9650559882150955
15,2.9383767646891332
18,2.7379008090909935
21,2.9332539403097453
24,2.9338854274418766
27,2.458116584886436
30,None
