num_switches,throughput
12,36.247590942148996
15,44.49607140890657
18,44.15201738618423
21,43.2384945482865
24,32.69430221758721
27,42.466803367949616
