num_switches,throughput
12,84.8657146431094
15,101.49510220797627
18,99.61861494814546
21,91.11417373397848
24,73.05007140796663
27,68.99495550785812
30,63.332035857141555
