num_switches,throughput
12,2.269426863109665
15,2.35834923093535
18,17.580679432130687
21,1.7485052832265624
24,1.5569530999889363
27,1.7481024263650964
30,None
