num_switches,throughput
12,112.63061701518042
15,114.15022401291372
18,57.389438821819255
21,82.26205935225768
24,103.41763924564827
27,None
30,None
