num_switches,throughput
12,4.19935405598847
15,4.524604085526141
