num_switches,throughput
12,2.028810436147853
15,3.399841046972231
