num_switches,min_time,avg_time,max_time,mdev,avg_time_excl_max
12,0.045,0.097,0.058,0.015,0.053666666666666675
15,0.042,0.091,0.059,0.016,0.05544444444444444
18,None,None,None,None,None
