num_switches,throughput
12,42.792152116753535
15,54.16491954976181
18,43.29941518884464
21,47.793324038756865
24,41.239807162941595
27,41.61997707012654
