num_switches,throughput
12,114.87647124577936
15,107.46922222157626
18,115.00393401924681
21,103.26034163986846
24,66.65852372113227
27,None
