num_switches,throughput
12,2.998361203601494
15,2.7864136005635363
18,2.6397868343784556
21,2.573386178367898
24,2.660134738256784
27,2.6079395791234137
30,2.6185911072218353
