num_switches,avg_value
12,1.0331965684890747
15,1.1939098119735718
18,1.8515371799468994
21,1.8199895381927491
