num_switches,avg_value
12,0.7089613437652588
15,0.7772798776626587
18,0.9238673686981201
21,1.1824066162109375
24,1.3796168088912963
27,1.5119702816009521
30,1.742557954788208
