num_switches,throughput
12,2.606454757757394
15,2.8908403358759163
18,2.8647063143500686
21,2.637564133276164
24,2.8062546093886103
27,2.7742689773229072
30,2.663811276252312
