num_switches,throughput
12,72.73251610782613
15,66.60555080333361
18,82.08408340602404
21,69.55134850977798
24,16.224538779761396
27,82.57393027304957
30,79.9156698336599
