num_switches,avg_value
12,0.7945529644011646
15,0.9095858750860899
18,1.0336846674780633
21,1.7644502624926066
24,2.376983748378016
27,0.39182919728284893
