num_switches,avg_value
12,0.14924459985267946
15,0.272378775337596
18,0.19477457836238313
21,0.2755016141845698
24,0.36437217463206445
27,0.5025100125688828
30,0.7753083567855154
