num_switches,avg_value
12,0.10053365129083852
15,0.11678602614445248
18,0.1202438394656
21,0.1665036343437057
24,0.9955929391500768
27,1.0868547104585629
30,1.2247634691436116
