num_switches,throughput
12,2.56865075098397
15,2.328944228813333
18,2.1812099413845347
21,2.038734142585173
24,2.1318654730112243
27,1.9779435237425285
