num_switches,avg_value
12,0.014578723907470703
15,0.011647319793701172
18,0.012938523292541504
21,0.012571239471435547
24,0.012733745574951171
27,0.011565732955932616
30,0.011400485038757324
