num_switches,throughput
12,2.7216700074979383
15,2.591754657925282
18,2.3418877078900135
21,2.595573810803783
24,2.2021400962646007
27,2.407632191294055
30,2.3662709265988737
