num_switches,throughput
12,164.33908484113653
15,199.0229103144317
18,195.91537933619148
21,181.505733512583
24,166.38657550343083
27,128.70218833239875
30,105.21882281728392
