num_switches,throughput
12,31.453681889998265
15,40.88525022907405
18,25.583511093299727
21,22.149228610842872
24,20.1494066625824
