num_switches,min_value,avg_value,max_value,mdev_value
12,-9.5367431640625e-07,0.801153357685175,13.94710659980774,0.6645903630919471
15,None,None,None,None
18,None,None,None,None
