num_switches,min_value,avg_value,max_value,mdev_value
12,0.0011360645294189453,0.46036515505808706,12.756544589996338,0.7165520868399919
