num_switches,min_value,avg_value,max_value,mdev_value
12,0.000698089599609375,30.206439830519248,64055.32245969772,59.75279143245065
