num_switches,throughput
12,152.49351948567062
15,89.12128633116262
18,None
21,None
24,None
27,None
