num_switches,throughput
12,24.105470162268027
15,34.496968289232434
18,21.787137866562976
21,21.001488320522615
24,19.86801499120428
27,5.003772520700601
30,None
