num_switches,avg_value
12,0.7966744661331177
15,0.8632208585739136
18,1.2514296293258667
21,1.3223576307296754
24,1.168497347831726
27,1.3513086557388305
30,1.839097499847412
