num_switches,avg_value
12,0.8400286436080933
15,1.4676925897598267
18,1.5256678819656373
21,2.793622136116028
