num_switches,throughput
12,2.6205800280762865
15,2.629810379201165
18,2.4134501815332188
21,2.2198745080392985
24,53.362247338042856
27,58.09294538953078
