num_switches,avg_value
12,0.058532251054374734
15,0.10732875590701756
18,None
21,None
24,None
27,None
30,None
