num_switches,throughput
12,140.05495356653066
15,237.46795970776157
18,None
21,None
24,None
27,None
30,None
