num_switches,throughput
12,5.455921901438834
15,2.6055507496118655
18,3.205704258225918
21,2.966464292618491
24,2.999735640471806
27,3.019973822966945
30,2.9424557580050936
