num_switches,avg_value
12,0.30539475268191857
15,0.4454239746045581
18,1.3278864386231395
21,1.690907718905377
24,2.640276388852588
27,0.3949522457701494
