num_switches,avg_value
12,0.0428214403954181
15,0.08547358497463424
18,0.11290373574215103
21,0.24049679402603066
24,0.10955229375378431
27,0.18280888023824535
30,0.2930564985618935
