num_switches,throughput
12,3.09335903030847
15,2.7188644962434427
18,2.5545620316360163
21,2.6524565078216655
24,2.723480858397186
27,2.532577378795417
30,2.5475501098017856
