num_switches,throughput
12,2.9904387796085863
15,2.5964488522160787
18,2.4984280357977244
21,2.679526134128061
24,2.6436834169415833
27,2.3413955528149835
30,2.4998333838158064
