num_switches,throughput
12,319.3733709365473
15,331.9255140123047
18,329.9893647537053
21,254.8592443791374
24,230.24898549824306
27,206.49869179320055
30,177.91097262373103
