num_switches,min_time,avg_time,max_time,mdev,avg_time_excl_max
12,0.062,0.118,0.082,0.014,0.07800000000000001
15,0.063,0.11,0.08,0.014,0.07666666666666667
