num_switches,throughput
12,2.5156944275465727
15,2.2242208927123377
18,16.469880547462775
21,1.7809949203424793
24,0.17207303545016886
