num_switches,throughput
12,2.755544323959466
15,2.6566386452837096
18,2.631016663164352
21,2.6838380030476756
24,2.8482279678660603
27,2.966254681046592
30,None
