num_switches,throughput
15,3.454111623929758
18,3.1334068255935015
