num_switches,min_value,avg_value,max_value,mdev_value
24,0.0005710124969482422,1.2992581705081847,134.18181920051575,1.9198166242741788
