num_switches,avg_value
12,0.7646607875823974
15,0.7564226150512695
18,0.9358464002609252
21,1.2434891223907472
24,1.2577686548233031
