num_switches,avg_value
12,1.404527735710144
15,1.293597936630249
18,2.012232542037964
21,1.7979259729385375
24,2.7355638265609743
