num_switches,avg_value
12,0.11141709754378022
15,0.10320694829431606
18,0.09200538543759149
21,0.20582429146340128
24,0.241767888825265
27,0.28376818340021204
30,0.5550731600681778
