num_switches,throughput
12,2.644457784844048
15,2.519689051462437
18,2.242380387733436
21,2.557456337941719
24,2.29851976856259
27,2.5373176361927525
