num_switches,throughput
12,3.1791681251748556
15,2.924006838624908
18,2.790109344082097
21,2.8581330316692926
24,2.925766488908998
27,2.890857011101349
30,2.542529850805486
