num_switches,avg_value
12,0.01390843391418457
15,0.01215221881866455
18,0.03243985176086426
21,0.012862873077392579
24,0.013084864616394043
27,0.012186455726623534
30,0.011561298370361328
