num_switches,throughput
12,11.86975950735302
15,154.1451232510412
18,147.13144544183976
21,112.55665879096178
24,6.751689486106426
27,76.22496289620229
30,114.38174638782853
