num_switches,avg_value
12,0.41640544549460984
15,0.04552652547538395
18,0.048678273326524656
21,0.07917780682583414
24,0.7335330570699948
27,0.15705297045283223
30,0.4731352856768925
