num_switches,avg_value
12,0.49890604966978674
15,0.7329439182937006
18,1.1453636598984156
21,1.3419244422727004
24,1.8848267283482307
27,0.4060607640842956
