num_switches,throughput
12,2.6698686200653254
15,2.497735730927565
18,2.5109480879104353
21,2.252775748310702
24,2.2267890645180897
27,2.3213942040805673
30,2.2506322462852073
