num_switches,min_time,avg_time,max_time,mdev,avg_time_excl_max
15,0.055,9.23,1.9002,3.6649148093782484,1.0857777777777775
18,0.053,14.828,1.555,4.424,0.08022222222222217
