num_switches,min_value,avg_value,max_value,mdev_value
15,-1.430511474609375e-06,0.6977498899291559,54.57240343093872,1.2732832712627085
18,None,None,None,None
